Global Code,Global Name,Region Code,continent,Sub-region Code,Sub-region Name,Intermediate Region Code,region name,country,M49 Code,ISO-alpha2 Code,ISO-alpha3 Code,Least Developed Countries (LDC),Land Locked Developing Countries (LLDC),Small Island Developing States (SIDS),Developed / Developing Countries,
1,World,2,Africa,15,Northern Africa,,Northern Africa,Algeria,12,DZ,DZA,,,,Developing,
1,World,2,Africa,15,Northern Africa,,Northern Africa,Egypt,818,EG,EGY,,,,Developing,
1,World,2,Africa,15,Northern Africa,,Northern Africa,Libya,434,LY,LBY,,,,Developing,
1,World,2,Africa,15,Northern Africa,,Northern Africa,Morocco,504,MA,MAR,,,,Developing,
1,World,2,Africa,15,Northern Africa,,Northern Africa,Sudan,729,SD,SDN,x,,,Developing,
1,World,2,Africa,15,Northern Africa,,Northern Africa,Tunisia,788,TN,TUN,,,,Developing,
1,World,2,Africa,15,Northern Africa,,Northern Africa,W. Sahara,732,EH,ESH,,,,Developing,
1,World,2,Africa,202,Sub-Saharan Africa,14,Eastern Africa,British Indian Ocean Territory,86,IO,IOT,,,,Developing,
1,World,2,Africa,202,Sub-Saharan Africa,14,Eastern Africa,Burundi,108,BI,BDI,x,x,,Developing,
1,World,2,Africa,202,Sub-Saharan Africa,14,Eastern Africa,Comoros,174,KM,COM,x,,x,Developing,
1,World,2,Africa,202,Sub-Saharan Africa,14,Eastern Africa,Djibouti,262,DJ,DJI,x,,,Developing,
1,World,2,Africa,202,Sub-Saharan Africa,14,Eastern Africa,Eritrea,232,ER,ERI,x,,,Developing,
1,World,2,Africa,202,Sub-Saharan Africa,14,Eastern Africa,Ethiopia,231,ET,ETH,x,x,,Developing,
1,World,2,Africa,202,Sub-Saharan Africa,14,Eastern Africa,French Southern Territories,260,TF,ATF,,,,Developing,
1,World,2,Africa,202,Sub-Saharan Africa,14,Eastern Africa,Kenya,404,KE,KEN,,,,Developing,
1,World,2,Africa,202,Sub-Saharan Africa,14,Eastern Africa,Madagascar,450,MG,MDG,x,,,Developing,
1,World,2,Africa,202,Sub-Saharan Africa,14,Eastern Africa,Malawi,454,MW,MWI,x,x,,Developing,
1,World,2,Africa,202,Sub-Saharan Africa,14,Eastern Africa,Mauritius,480,MU,MUS,,,x,Developing,
1,World,2,Africa,202,Sub-Saharan Africa,14,Eastern Africa,Mayotte,175,YT,MYT,,,,Developing,
1,World,2,Africa,202,Sub-Saharan Africa,14,Eastern Africa,Mozambique,508,MZ,MOZ,x,,,Developing,
1,World,2,Africa,202,Sub-Saharan Africa,14,Eastern Africa,Réunion,638,RE,REU,,,,Developing,
1,World,2,Africa,202,Sub-Saharan Africa,14,Eastern Africa,Rwanda,646,RW,RWA,x,x,,Developing,
1,World,2,Africa,202,Sub-Saharan Africa,14,Eastern Africa,Seychelles,690,SC,SYC,,,x,Developing,
1,World,2,Africa,202,Sub-Saharan Africa,14,Eastern Africa,Somalia,706,SO,SOM,x,,,Developing,
1,World,2,Africa,202,Sub-Saharan Africa,14,Eastern Africa,Somaliland,706,SO,SOM,x,,,Developing,
1,World,2,Africa,202,Sub-Saharan Africa,14,Eastern Africa,S. Sudan,728,SS,SSD,x,x,,Developing,
1,World,2,Africa,202,Sub-Saharan Africa,14,Eastern Africa,Uganda,800,UG,UGA,x,x,,Developing,
1,World,2,Africa,202,Sub-Saharan Africa,14,Eastern Africa,Tanzania,834,TZ,TZA,x,,,Developing,
1,World,2,Africa,202,Sub-Saharan Africa,14,Eastern Africa,Zambia,894,ZM,ZMB,x,x,,Developing,
1,World,2,Africa,202,Sub-Saharan Africa,14,Eastern Africa,Zimbabwe,716,ZW,ZWE,,x,,Developing,
1,World,2,Africa,202,Sub-Saharan Africa,17,Middle Africa,Angola,24,AO,AGO,x,,,Developing,
1,World,2,Africa,202,Sub-Saharan Africa,17,Middle Africa,Cameroon,120,CM,CMR,,,,Developing,
1,World,2,Africa,202,Sub-Saharan Africa,17,Middle Africa,Central African Rep.,140,CF,CAF,x,x,,Developing,
1,World,2,Africa,202,Sub-Saharan Africa,17,Middle Africa,Chad,148,TD,TCD,x,x,,Developing,
1,World,2,Africa,202,Sub-Saharan Africa,17,Middle Africa,Congo,178,CG,COG,,,,Developing,
1,World,2,Africa,202,Sub-Saharan Africa,17,Middle Africa,Dem. Rep. Congo,180,CD,COD,x,,,Developing,
1,World,2,Africa,202,Sub-Saharan Africa,17,Middle Africa,Eq. Guinea,226,GQ,GNQ,,,,Developing,
1,World,2,Africa,202,Sub-Saharan Africa,17,Middle Africa,Gabon,266,GA,GAB,,,,Developing,
1,World,2,Africa,202,Sub-Saharan Africa,17,Middle Africa,Sao Tome and Principe,678,ST,STP,x,,x,Developing,
1,World,2,Africa,202,Sub-Saharan Africa,18,Southern Africa,Botswana,72,BW,BWA,,x,,Developing,
1,World,2,Africa,202,Sub-Saharan Africa,18,Southern Africa,eSwatini,748,SZ,SWZ,,x,,Developing,
1,World,2,Africa,202,Sub-Saharan Africa,18,Southern Africa,Lesotho,426,LS,LSO,x,x,,Developing,
1,World,2,Africa,202,Sub-Saharan Africa,18,Southern Africa,Namibia,516,NA,NAM,,,,Developing,
1,World,2,Africa,202,Sub-Saharan Africa,18,Southern Africa,South Africa,710,ZA,ZAF,,,,Developing,
1,World,2,Africa,202,Sub-Saharan Africa,11,Western Africa,Benin,204,BJ,BEN,x,,,Developing,
1,World,2,Africa,202,Sub-Saharan Africa,11,Western Africa,Burkina Faso,854,BF,BFA,x,x,,Developing,
1,World,2,Africa,202,Sub-Saharan Africa,11,Western Africa,Cabo Verde,132,CV,CPV,,,x,Developing,
1,World,2,Africa,202,Sub-Saharan Africa,11,Western Africa,Côte d'Ivoire,384,CI,CIV,,,,Developing,
1,World,2,Africa,202,Sub-Saharan Africa,11,Western Africa,Gambia,270,GM,GMB,x,,,Developing,
1,World,2,Africa,202,Sub-Saharan Africa,11,Western Africa,Ghana,288,GH,GHA,,,,Developing,
1,World,2,Africa,202,Sub-Saharan Africa,11,Western Africa,Guinea,324,GN,GIN,x,,,Developing,
1,World,2,Africa,202,Sub-Saharan Africa,11,Western Africa,Guinea-Bissau,624,GW,GNB,x,,x,Developing,
1,World,2,Africa,202,Sub-Saharan Africa,11,Western Africa,Liberia,430,LR,LBR,x,,,Developing,
1,World,2,Africa,202,Sub-Saharan Africa,11,Western Africa,Mali,466,ML,MLI,x,x,,Developing,
1,World,2,Africa,202,Sub-Saharan Africa,11,Western Africa,Mauritania,478,MR,MRT,x,,,Developing,
1,World,2,Africa,202,Sub-Saharan Africa,11,Western Africa,Niger,562,NE,NER,x,x,,Developing,
1,World,2,Africa,202,Sub-Saharan Africa,11,Western Africa,Nigeria,566,NG,NGA,,,,Developing,
1,World,2,Africa,202,Sub-Saharan Africa,11,Western Africa,Saint Helena,654,SH,SHN,,,,Developing,
1,World,2,Africa,202,Sub-Saharan Africa,11,Western Africa,Senegal,686,SN,SEN,x,,,Developing,
1,World,2,Africa,202,Sub-Saharan Africa,11,Western Africa,Sierra Leone,694,SL,SLE,x,,,Developing,
1,World,2,Africa,202,Sub-Saharan Africa,11,Western Africa,Togo,768,TG,TGO,x,,,Developing,
1,World,19,Americas,419,,29,Latin America and the Caribbean,Anguilla,660,AI,AIA,,,x,Developing,
1,World,19,Americas,419,,29,Latin America and the Caribbean,Antigua and Barbuda,28,AG,ATG,,,x,Developing,
1,World,19,Americas,419,,29,Latin America and the Caribbean,Aruba,533,AW,ABW,,,x,Developing,
1,World,19,Americas,419,,29,Latin America and the Caribbean,Bahamas,44,BS,BHS,,,x,Developing,
1,World,19,Americas,419,,29,Latin America and the Caribbean,Barbados,52,BB,BRB,,,x,Developing,
1,World,19,Americas,419,,29,Latin America and the Caribbean,Bonaire, Sint Eustatius and Saba,535,BQ,BES,,,x,Developing
1,World,19,Americas,419,,29,Latin America and the Caribbean,British Virgin Islands,92,VG,VGB,,,x,Developing,
1,World,19,Americas,419,,29,Latin America and the Caribbean,Cayman Islands,136,KY,CYM,,,,Developing,
1,World,19,Americas,419,,29,Latin America and the Caribbean,Cuba,192,CU,CUB,,,x,Developing,
1,World,19,Americas,419,,29,Latin America and the Caribbean,Curaçao,531,CW,CUW,,,x,Developing,
1,World,19,Americas,419,,29,Latin America and the Caribbean,Dominica,212,DM,DMA,,,x,Developing,
1,World,19,Americas,419,,29,Latin America and the Caribbean,Dominican Rep.,214,DO,DOM,,,x,Developing,
1,World,19,Americas,419,,29,Latin America and the Caribbean,Grenada,308,GD,GRD,,,x,Developing,
1,World,19,Americas,419,,29,Latin America and the Caribbean,Guadeloupe,312,GP,GLP,,,,Developing,
1,World,19,Americas,419,,29,Latin America and the Caribbean,Haiti,332,HT,HTI,x,,x,Developing,
1,World,19,Americas,419,,29,Latin America and the Caribbean,Jamaica,388,JM,JAM,,,x,Developing,
1,World,19,Americas,419,,29,Latin America and the Caribbean,Martinique,474,MQ,MTQ,,,,Developing,
1,World,19,Americas,419,,29,Latin America and the Caribbean,Montserrat,500,MS,MSR,,,x,Developing,
1,World,19,Americas,419,,29,Latin America and the Caribbean,Puerto Rico,630,PR,PRI,,,x,Developing,
1,World,19,Americas,419,,29,Latin America and the Caribbean,Saint Barthélemy,652,BL,BLM,,,,Developing,
1,World,19,Americas,419,,29,Latin America and the Caribbean,Saint Kitts and Nevis,659,KN,KNA,,,x,Developing,
1,World,19,Americas,419,,29,Latin America and the Caribbean,Saint Lucia,662,LC,LCA,,,x,Developing,
1,World,19,Americas,419,,29,Latin America and the Caribbean,Saint Martin (French Part),663,MF,MAF,,,,Developing,
1,World,19,Americas,419,,29,Latin America and the Caribbean,Saint Vincent and the Grenadines,670,VC,VCT,,,x,Developing,
1,World,19,Americas,419,,29,Latin America and the Caribbean,Sint Maarten (Dutch part),534,SX,SXM,,,x,Developing,
1,World,19,Americas,419,,29,Latin America and the Caribbean,Trinidad and Tobago,780,TT,TTO,,,x,Developing,
1,World,19,Americas,419,,29,Latin America and the Caribbean,Turks and Caicos Islands,796,TC,TCA,,,,Developing,
1,World,19,Americas,419,,29,Latin America and the Caribbean,United States Virgin Islands,850,VI,VIR,,,x,Developing,
1,World,19,Americas,419,,13,Latin America and the Caribbean,Belize,84,BZ,BLZ,,,x,Developing,
1,World,19,Americas,419,,13,Latin America and the Caribbean,Costa Rica,188,CR,CRI,,,,Developing,
1,World,19,Americas,419,,13,Latin America and the Caribbean,El Salvador,222,SV,SLV,,,,Developing,
1,World,19,Americas,419,,13,Latin America and the Caribbean,Guatemala,320,GT,GTM,,,,Developing,
1,World,19,Americas,419,,13,Latin America and the Caribbean,Honduras,340,HN,HND,,,,Developing,
1,World,19,Americas,419,,13,Latin America and the Caribbean,Mexico,484,MX,MEX,,,,Developing,
1,World,19,Americas,419,,13,Latin America and the Caribbean,Nicaragua,558,NI,NIC,,,,Developing,
1,World,19,Americas,419,,13,Latin America and the Caribbean,Panama,591,PA,PAN,,,,Developing,
1,World,19,Americas,419,Latin America and the Caribbean,5,South America,Argentina,32,AR,ARG,,,,Developing,
1,World,19,Americas,419,Latin America and the Caribbean,5,South America,Bolivia,68,BO,BOL,,x,,Developing,
1,World,19,Americas,419,Latin America and the Caribbean,5,South America,Bouvet Island,74,BV,BVT,,,,Developing,
1,World,19,Americas,419,Latin America and the Caribbean,5,South America,Brazil,76,BR,BRA,,,,Developing,
1,World,19,Americas,419,Latin America and the Caribbean,5,South America,Chile,152,CL,CHL,,,,Developing,
1,World,19,Americas,419,Latin America and the Caribbean,5,South America,Colombia,170,CO,COL,,,,Developing,
1,World,19,Americas,419,Latin America and the Caribbean,5,South America,Ecuador,218,EC,ECU,,,,Developing,
1,World,19,Americas,419,Latin America and the Caribbean,5,South America,Falkland Is.,238,FK,FLK,,,,Developing,
1,World,19,Americas,419,Latin America and the Caribbean,5,South America,French Guiana,254,GF,GUF,,,,Developing,
1,World,19,Americas,419,Latin America and the Caribbean,5,South America,Guyana,328,GY,GUY,,,x,Developing,
1,World,19,Americas,419,Latin America and the Caribbean,5,South America,Paraguay,600,PY,PRY,,x,,Developing,
1,World,19,Americas,419,Latin America and the Caribbean,5,South America,Peru,604,PE,PER,,,,Developing,
1,World,19,Americas,419,Latin America and the Caribbean,5,South America,South Georgia and the South Sandwich Islands,239,GS,SGS,,,,Developing,
1,World,19,Americas,419,Latin America and the Caribbean,5,South America,Suriname,740,SR,SUR,,,x,Developing,
1,World,19,Americas,419,Latin America and the Caribbean,5,South America,Uruguay,858,UY,URY,,,,Developing,
1,World,19,Americas,419,Latin America and the Caribbean,5,South America,Venezuela,862,VE,VEN,,,,Developing,
1,World,19,Americas,21,Northern America,,Northern America,Bermuda,60,BM,BMU,,,,Developed,
1,World,19,Americas,21,Northern America,,Northern America,Canada,124,CA,CAN,,,,Developed,
1,World,19,Americas,21,Northern America,,Northern America,Greenland,304,GL,GRL,,,,Developed,
1,World,19,Americas,21,Northern America,,Northern America,Saint Pierre and Miquelon,666,PM,SPM,,,,Developed,
1,World,19,Americas,21,Northern America,,Northern America,United States of America,840,US,USA,,,,Developed,
1,World,142,Asia,143,Central Asia,,Central Asia,Kazakhstan,398,KZ,KAZ,,x,,Developing,
1,World,142,Asia,143,Central Asia,,Central Asia,Kyrgyzstan,417,KG,KGZ,,x,,Developing,
1,World,142,Asia,143,Central Asia,,Central Asia,Tajikistan,762,TJ,TJK,,x,,Developing,
1,World,142,Asia,143,Central Asia,,Central Asia,Turkmenistan,795,TM,TKM,,x,,Developing,
1,World,142,Asia,143,Central Asia,,Central Asia,Uzbekistan,860,UZ,UZB,,x,,Developing,
1,World,142,Asia,30,Eastern Asia,,Eastern Asia,China,156,CN,CHN,,,,Developing,
1,World,142,Asia,30,Eastern Asia,,Eastern Asia,China, Hong Kong Special Administrative Region,344,HK,HKG,,,,Developing
1,World,142,Asia,30,Eastern Asia,,Eastern Asia,China, Macao Special Administrative Region,446,MO,MAC,,,,Developing
1,World,142,Asia,30,Eastern Asia,,Eastern Asia,North Korea,408,KP,PRK,,,,Developing,
1,World,142,Asia,30,Eastern Asia,,Eastern Asia,Japan,392,JP,JPN,,,,Developed,
1,World,142,Asia,30,Eastern Asia,,Eastern Asia,Mongolia,496,MN,MNG,,x,,Developing,
1,World,142,Asia,30,Eastern Asia,,Eastern Asia,Taiwan,410,TA,TAI,,,,Developing,
1,World,142,Asia,30,Eastern Asia,,Eastern Asia,South Korea,410,KR,KOR,,,,Developing,
1,World,142,Asia,35,South-eastern Asia,,South-eastern Asia,Brunei,96,BN,BRN,,,,Developing,
1,World,142,Asia,35,South-eastern Asia,,South-eastern Asia,Cambodia,116,KH,KHM,x,,,Developing,
1,World,142,Asia,35,South-eastern Asia,,South-eastern Asia,Indonesia,360,ID,IDN,,,,Developing,
1,World,142,Asia,35,South-eastern Asia,,South-eastern Asia,Laos,418,LA,LAO,x,x,,Developing,
1,World,142,Asia,35,South-eastern Asia,,South-eastern Asia,Malaysia,458,MY,MYS,,,,Developing,
1,World,142,Asia,35,South-eastern Asia,,South-eastern Asia,Myanmar,104,MM,MMR,x,,,Developing,
1,World,142,Asia,35,South-eastern Asia,,South-eastern Asia,Philippines,608,PH,PHL,,,,Developing,
1,World,142,Asia,35,South-eastern Asia,,South-eastern Asia,Singapore,702,SG,SGP,,,x,Developing,
1,World,142,Asia,35,South-eastern Asia,,South-eastern Asia,Thailand,764,TH,THA,,,,Developing,
1,World,142,Asia,35,South-eastern Asia,,South-eastern Asia,Timor-Leste,626,TL,TLS,x,,x,Developing,
1,World,142,Asia,35,South-eastern Asia,,South-eastern Asia,Vietnam,704,VN,VNM,,,,Developing,
1,World,142,Asia,34,Southern Asia,,Southern Asia,Afghanistan,4,AF,AFG,x,x,,Developing,
1,World,142,Asia,34,Southern Asia,,Southern Asia,Bangladesh,50,BD,BGD,x,,,Developing,
1,World,142,Asia,34,Southern Asia,,Southern Asia,Bhutan,64,BT,BTN,x,x,,Developing,
1,World,142,Asia,34,Southern Asia,,Southern Asia,India,356,IN,IND,,,,Developing,
1,World,142,Asia,34,Southern Asia,,Southern Asia,Iran,364,IR,IRN,,,,Developing,
1,World,142,Asia,34,Southern Asia,,Southern Asia,Maldives,462,MV,MDV,,,x,Developing,
1,World,142,Asia,34,Southern Asia,,Southern Asia,Nepal,524,NP,NPL,x,x,,Developing,
1,World,142,Asia,34,Southern Asia,,Southern Asia,Pakistan,586,PK,PAK,,,,Developing,
1,World,142,Asia,34,Southern Asia,,Southern Asia,Sri Lanka,144,LK,LKA,,,,Developing,
1,World,142,Asia,145,Western Asia,,Western Asia,Armenia,51,AM,ARM,,x,,Developing,
1,World,142,Asia,145,Western Asia,,Western Asia,Azerbaijan,31,AZ,AZE,,x,,Developing,
1,World,142,Asia,145,Western Asia,,Western Asia,Bahrain,48,BH,BHR,,,,Developing,
1,World,142,Asia,145,Western Asia,,Western Asia,Cyprus,196,CY,CYP,,,,Developed,
1,World,142,Asia,145,Western Asia,,Western Asia,N. Cyprus,196,CY,CYP,,,,Developed,
1,World,142,Asia,145,Western Asia,,Western Asia,Georgia,268,GE,GEO,,,,Developing,
1,World,142,Asia,145,Western Asia,,Western Asia,Iraq,368,IQ,IRQ,,,,Developing,
1,World,142,Asia,145,Western Asia,,Western Asia,Israel,376,IL,ISR,,,,Developed,
1,World,142,Asia,145,Western Asia,,Western Asia,Jordan,400,JO,JOR,,,,Developing,
1,World,142,Asia,145,Western Asia,,Western Asia,Kuwait,414,KW,KWT,,,,Developing,
1,World,142,Asia,145,Western Asia,,Western Asia,Lebanon,422,LB,LBN,,,,Developing,
1,World,142,Asia,145,Western Asia,,Western Asia,Oman,512,OM,OMN,,,,Developing,
1,World,142,Asia,145,Western Asia,,Western Asia,Qatar,634,QA,QAT,,,,Developing,
1,World,142,Asia,145,Western Asia,,Western Asia,Saudi Arabia,682,SA,SAU,,,,Developing,
1,World,142,Asia,145,Western Asia,,Western Asia,Palestine,275,PS,PSE,,,,Developing,
1,World,142,Asia,145,Western Asia,,Western Asia,Syria,760,SY,SYR,,,,Developing,
1,World,142,Asia,145,Western Asia,,Western Asia,Turkey,792,TR,TUR,,,,Developing,
1,World,142,Asia,145,Western Asia,,Western Asia,United Arab Emirates,784,AE,ARE,,,,Developing,
1,World,142,Asia,145,Western Asia,,Western Asia,Yemen,887,YE,YEM,x,,,Developing,
1,World,150,Europe,151,Eastern Europe,,Eastern Europe,Belarus,112,BY,BLR,,,,Developed,
1,World,150,Europe,151,Eastern Europe,,Eastern Europe,Bulgaria,100,BG,BGR,,,,Developed,
1,World,150,Europe,151,Eastern Europe,,Eastern Europe,Czechia,203,CZ,CZE,,,,Developed,
1,World,150,Europe,151,Eastern Europe,,Eastern Europe,Hungary,348,HU,HUN,,,,Developed,
1,World,150,Europe,151,Eastern Europe,,Eastern Europe,Poland,616,PL,POL,,,,Developed,
1,World,150,Europe,151,Eastern Europe,,Eastern Europe,Moldova,498,MD,MDA,,x,,Developed,
1,World,150,Europe,151,Eastern Europe,,Eastern Europe,Romania,642,RO,ROU,,,,Developed,
1,World,150,Europe,151,Eastern Europe,,Eastern Europe,Russia,643,RU,RUS,,,,Developed,
1,World,150,Europe,151,Eastern Europe,,Eastern Europe,Slovakia,703,SK,SVK,,,,Developed,
1,World,150,Europe,151,Eastern Europe,,Eastern Europe,Ukraine,804,UA,UKR,,,,Developed,
1,World,150,Europe,154,Northern Europe,,Northern Europe,Åland Islands,248,AX,ALA,,,,Developed,
1,World,150,Europe,154,Northern Europe,830,Northern Europe,Guernsey,831,GG,GGY,,,,Developed,
1,World,150,Europe,154,Northern Europe,830,Northern Europe,Jersey,832,JE,JEY,,,,Developed,
1,World,150,Europe,154,Northern Europe,830,Northern Europe,Sark,680,,,,,,Developed,
1,World,150,Europe,154,Northern Europe,,Northern Europe,Denmark,208,DK,DNK,,,,Developed,
1,World,150,Europe,154,Northern Europe,,Northern Europe,Estonia,233,EE,EST,,,,Developed,
1,World,150,Europe,154,Northern Europe,,Northern Europe,Faroe Islands,234,FO,FRO,,,,Developed,
1,World,150,Europe,154,Northern Europe,,Northern Europe,Finland,246,FI,FIN,,,,Developed,
1,World,150,Europe,154,Northern Europe,,Northern Europe,Iceland,352,IS,ISL,,,,Developed,
1,World,150,Europe,154,Northern Europe,,Northern Europe,Ireland,372,IE,IRL,,,,Developed,
1,World,150,Europe,154,Northern Europe,,Northern Europe,Isle of Man,833,IM,IMN,,,,Developed,
1,World,150,Europe,154,Northern Europe,,Northern Europe,Latvia,428,LV,LVA,,,,Developed,
1,World,150,Europe,154,Northern Europe,,Northern Europe,Lithuania,440,LT,LTU,,,,Developed,
1,World,150,Europe,154,Northern Europe,,Northern Europe,Norway,578,NO,NOR,,,,Developed,
1,World,150,Europe,154,Northern Europe,,Northern Europe,Svalbard and Jan Mayen Islands,744,SJ,SJM,,,,Developed,
1,World,150,Europe,154,Northern Europe,,Northern Europe,Sweden,752,SE,SWE,,,,Developed,
1,World,150,Europe,154,Northern Europe,,Northern Europe,United Kingdom,826,GB,GBR,,,,Developed,
1,World,150,Europe,39,Southern Europe,,Southern Europe,Albania,8,AL,ALB,,,,Developed,
1,World,150,Europe,39,Southern Europe,,Southern Europe,Andorra,20,AD,AND,,,,Developed,
1,World,150,Europe,39,Southern Europe,,Southern Europe,Bosnia and Herz.,70,BA,BIH,,,,Developed,
1,World,150,Europe,39,Southern Europe,,Southern Europe,Croatia,191,HR,HRV,,,,Developed,
1,World,150,Europe,39,Southern Europe,,Southern Europe,Gibraltar,292,GI,GIB,,,,Developed,
1,World,150,Europe,39,Southern Europe,,Southern Europe,Greece,300,GR,GRC,,,,Developed,
1,World,150,Europe,39,Southern Europe,,Southern Europe,Holy See,336,VA,VAT,,,,Developed,
1,World,150,Europe,39,Southern Europe,,Southern Europe,Italy,380,IT,ITA,,,,Developed,
1,World,150,Europe,39,Southern Europe,,Southern Europe,Malta,470,MT,MLT,,,,Developed,
1,World,150,Europe,39,Southern Europe,,Southern Europe,Montenegro,499,ME,MNE,,,,Developed,
1,World,150,Europe,39,Southern Europe,,Southern Europe,Macedonia,807,MK,MKD,,x,,Developed,
1,World,150,Europe,39,Southern Europe,,Southern Europe,Portugal,620,PT,PRT,,,,Developed,
1,World,150,Europe,39,Southern Europe,,Southern Europe,San Marino,674,SM,SMR,,,,Developed,
1,World,150,Europe,39,Southern Europe,,Southern Europe,Kosovo,688,KO,KOS,,,,Developed,
1,World,150,Europe,39,Southern Europe,,Southern Europe,Serbia,688,RS,SRB,,,,Developed,
1,World,150,Europe,39,Southern Europe,,Southern Europe,Slovenia,705,SI,SVN,,,,Developed,
1,World,150,Europe,39,Southern Europe,,Southern Europe,Spain,724,ES,ESP,,,,Developed,
1,World,150,Europe,155,Western Europe,,Western Europe,Austria,40,AT,AUT,,,,Developed,
1,World,150,Europe,155,Western Europe,,Western Europe,Belgium,56,BE,BEL,,,,Developed,
1,World,150,Europe,155,Western Europe,,Western Europe,France,250,FR,FRA,,,,Developed,
1,World,150,Europe,155,Western Europe,,Western Europe,Germany,276,DE,DEU,,,,Developed,
1,World,150,Europe,155,Western Europe,,Western Europe,Liechtenstein,438,LI,LIE,,,,Developed,
1,World,150,Europe,155,Western Europe,,Western Europe,Luxembourg,442,LU,LUX,,,,Developed,
1,World,150,Europe,155,Western Europe,,Western Europe,Monaco,492,MC,MCO,,,,Developed,
1,World,150,Europe,155,Western Europe,,Western Europe,Netherlands,528,NL,NLD,,,,Developed,
1,World,150,Europe,155,Western Europe,,Western Europe,Switzerland,756,CH,CHE,,,,Developed,
1,World,9,Oceania,53,Australia and New Zealand,,Australia and New Zealand,Australia,36,AU,AUS,,,,Developed,
1,World,9,Oceania,53,Australia and New Zealand,,Australia and New Zealand,Christmas Island,162,CX,CXR,,,,Developed,
1,World,9,Oceania,53,Australia and New Zealand,,Australia and New Zealand,Cocos (Keeling) Islands,166,CC,CCK,,,,Developed,
1,World,9,Oceania,53,Australia and New Zealand,,Australia and New Zealand,Heard Island and McDonald Islands,334,HM,HMD,,,,Developed,
1,World,9,Oceania,53,Australia and New Zealand,,Australia and New Zealand,New Zealand,554,NZ,NZL,,,,Developed,
1,World,9,Oceania,53,Australia and New Zealand,,Australia and New Zealand,Norfolk Island,574,NF,NFK,,,,Developed,
1,World,9,Oceania,54,Melanesia,,oceania (excluding australia and new zealand),Fiji,242,FJ,FJI,,,x,Developing,
1,World,9,Oceania,54,Melanesia,,oceania (excluding australia and new zealand),New Caledonia,540,NC,NCL,,,x,Developing,
1,World,9,Oceania,54,Melanesia,,oceania (excluding australia and new zealand),Papua New Guinea,598,PG,PNG,,,x,Developing,
1,World,9,Oceania,54,Melanesia,,oceania (excluding australia and new zealand),Solomon Is.,90,SB,SLB,x,,x,Developing,
1,World,9,Oceania,54,Melanesia,,oceania (excluding australia and new zealand),Vanuatu,548,VU,VUT,,,x,Developing,
1,World,9,Oceania,57,Micronesia,,oceania (excluding australia and new zealand),Guam,316,GU,GUM,,,x,Developing,
1,World,9,Oceania,57,Micronesia,,oceania (excluding australia and new zealand),Kiribati,296,KI,KIR,x,,x,Developing,
1,World,9,Oceania,57,Micronesia,,oceania (excluding australia and new zealand),Marshall Islands,584,MH,MHL,,,x,Developing,
1,World,9,Oceania,57,Micronesia,,oceania (excluding australia and new zealand),Micronesia (Federated States of),583,FM,FSM,,,x,Developing,
1,World,9,Oceania,57,Micronesia,,oceania (excluding australia and new zealand),Nauru,520,NR,NRU,,,x,Developing,
1,World,9,Oceania,57,Micronesia,,oceania (excluding australia and new zealand),Northern Mariana Islands,580,MP,MNP,,,x,Developing,
1,World,9,Oceania,57,Micronesia,,oceania (excluding australia and new zealand),Palau,585,PW,PLW,,,x,Developing,
1,World,9,Oceania,57,Micronesia,,oceania (excluding australia and new zealand),United States Minor Outlying Islands,581,UM,UMI,,,,Developing,
1,World,9,Oceania,61,Polynesia,,oceania (excluding australia and new zealand),American Samoa,16,AS,ASM,,,x,Developing,
1,World,9,Oceania,61,Polynesia,,oceania (excluding australia and new zealand),Cook Islands,184,CK,COK,,,x,Developing,
1,World,9,Oceania,61,Polynesia,,oceania (excluding australia and new zealand),French Polynesia,258,PF,PYF,,,x,Developing,
1,World,9,Oceania,61,Polynesia,,oceania (excluding australia and new zealand),Niue,570,NU,NIU,,,x,Developing,
1,World,9,Oceania,61,Polynesia,,oceania (excluding australia and new zealand),Pitcairn,612,PN,PCN,,,,Developing,
1,World,9,Oceania,61,Polynesia,,oceania (excluding australia and new zealand),Samoa,882,WS,WSM,,,x,Developing,
1,World,9,Oceania,61,Polynesia,,oceania (excluding australia and new zealand),Tokelau,772,TK,TKL,,,,Developing,
1,World,9,Oceania,61,Polynesia,,oceania (excluding australia and new zealand),Tonga,776,TO,TON,,,x,Developing,
1,World,9,Oceania,61,Polynesia,,oceania (excluding australia and new zealand),Tuvalu,798,TV,TUV,x,,x,Developing,
1,World,9,Oceania,61,Polynesia,,oceania (excluding australia and new zealand),Wallis and Futuna Islands,876,WF,WLF,,,,Developing,
1,World,9,Oceania,61,Polynesia,,oceania (excluding australia and new zealand),Antarctica,876,WF,WLF,,,,Developing,
1,World,9,Oceania,61,Polynesia,,oceania (excluding australia and new zealand),Fr. S. Antarctic Lands,876,WF,WLF,,,,Developing,